Image,Mol√©cule
images/[NO_NAME].svg,[NO NAME]
images/114.svg,114
images/116.svg,116
images/121.svg,121
images/122.svg,122
images/127.svg,127
images/128.svg,128
images/131.svg,131
images/132.svg,132
images/Lutein.svg,Lutein
images/139.svg,139
images/142.svg,142
images/147.svg,147
images/152.svg,152
images/153.svg,153
images/5280581.svg,5280581
images/157.svg,157
images/158.svg,158
images/Carotene-beta.svg,Carotene-beta
images/163.svg,163
images/167.svg,167
images/170.svg,170
images/173.svg,173
images/175.svg,175
images/177.svg,177
images/179.svg,179
images/181.svg,181
images/186.svg,186
images/187.svg,187
images/191.svg,191
images/192.svg,192
images/32326.svg,32326
images/196.svg,196
images/197.svg,197
images/65028.svg,65028
images/12560.svg,12560
images/201.svg,201
images/202.svg,202
images/5212.svg,5212
images/204.svg,204
images/205.svg,205
images/208.svg,208
images/210.svg,210
images/211.svg,211
images/213.svg,213
images/214.svg,214
images/215.svg,215
images/2368.svg,2368
images/218.svg,218
images/219.svg,219
images/220.svg,220
images/224.svg,224
images/38521.svg,38521
images/227.svg,227
images/228.svg,228
images/229.svg,229
images/231.svg,231
images/232.svg,232
images/233.svg,233
images/235.svg,235
images/236.svg,236
images/237.svg,237
images/238.svg,238
images/241.svg,241
images/242.svg,242
images/243.svg,243
images/244.svg,244
images/246.svg,246
images/248.svg,248
images/250.svg,250
images/251.svg,251
images/1775.svg,1775
images/253.svg,253
images/257.svg,257
images/6116.svg,6116
images/259.svg,259
images/262.svg,262
images/263.svg,263
images/264.svg,264
images/265.svg,265
images/268.svg,268
images/269.svg,269
images/270.svg,270
images/272.svg,272
images/273.svg,273
images/274.svg,274
images/276.svg,276
images/279.svg,279
images/282.svg,282
images/26987.svg,26987
images/285.svg,285
images/287.svg,287
images/54841.svg,54841
images/291.svg,291
images/293.svg,293
images/295.svg,295
images/298.svg,298
images/299.svg,299
images/304.svg,304
images/307.svg,307
images/.svg, 
images/311.svg,311
images/312.svg,312
images/316.svg,316
images/317.svg,317
images/321.svg,321
images/322.svg,322
images/323.svg,323
images/324.svg,324
images/327.svg,327
images/335.svg,335
images/336.svg,336
images/338.svg,338
images/339.svg,339
images/4167.svg,4167
images/341.svg,341
images/.svg,       
images/344.svg,344
images/2148.svg,2148
images/347.svg,347
images/348.svg,348
images/349.svg,349
images/2723601.svg,2723601
images/8226.svg,8226
images/354.svg,354
images/2733.svg,2733
images/357.svg,357
images/358.svg,358
images/359.svg,359
images/.svg, 
images/.svg, 
images/365.svg,365
images/3162.svg,3162
images/367.svg,367
images/368.svg,368
images/369.svg,369
images/370.svg,370
images/371.svg,371
images/372.svg,372
images/376.svg,376
images/378.svg,378
images/379.svg,379
images/380.svg,380
images/382.svg,382
images/383.svg,383
images/384.svg,384
images/387.svg,387
images/388.svg,388
images/389.svg,389
images/391.svg,391
images/3290.svg,3290
images/393.svg,393
images/[NO_NAME].svg,[NO NAME]
images/395.svg,395
images/396.svg,396
images/398.svg,398
images/68740.svg,68740
images/400.svg,400
images/401.svg,401
images/402.svg,402
images/404.svg,404
images/405.svg,405
images/3468.svg,3468
images/408.svg,408
images/409.svg,409
images/.svg, 
images/51-83-2.svg,51-83-2
images/414.svg,414
images/415.svg,415
images/24244.svg,24244
images/417.svg,417
images/419.svg,419
images/420.svg,420
images/421.svg,421
images/422.svg,422
images/425.svg,425
images/426.svg,426
images/5282443.svg,5282443
images/432.svg,432
images/433.svg,433
images/434.svg,434
images/436.svg,436
images/438.svg,438
images/439.svg,439
images/440.svg,440
images/441.svg,441
images/442.svg,442
images/445.svg,445
images/448.svg,448
images/449.svg,449
images/450.svg,450
images/451.svg,451
images/454.svg,454
images/455.svg,455
images/457.svg,457
images/458.svg,458
images/461.svg,461
images/463.svg,463
images/465.svg,465
images/466.svg,466
images/467.svg,467
images/471.svg,471
images/472.svg,472
images/473.svg,473
images/476.svg,476
images/477.svg,477
images/478.svg,478
images/480.svg,480
images/481.svg,481
images/482.svg,482
images/483.svg,483
images/484.svg,484
images/486.svg,486
images/487.svg,487
images/488.svg,488
images/489.svg,489
images/490.svg,490
images/491.svg,491
images/.svg, 
images/494.svg,494
images/495.svg,495
images/496.svg,496
images/497.svg,497
images/498.svg,498
images/499.svg,499
images/500.svg,500
images/502.svg,502
images/.svg, 
images/505.svg,505
images/507.svg,507
images/508.svg,508
images/513.svg,513
images/518.svg,518
images/519.svg,519
images/521.svg,521
images/524.svg,524
images/525.svg,525
images/531.svg,531
images/532.svg,532
images/533.svg,533
images/534.svg,534
images/535.svg,535
images/537.svg,537
images/538.svg,538
images/539.svg,539
images/540.svg,540
images/543.svg,543
images/544.svg,544
images/545.svg,545
images/546.svg,546
images/547.svg,547
images/548.svg,548
images/550.svg,550
images/Xanthotoxin.svg,Xanthotoxin
images/555.svg,555
images/557.svg,557
images/558.svg,558
images/559.svg,559
images/561.svg,561
images/564.svg,564
images/573.svg,573
images/575.svg,575
images/576.svg,576
images/577.svg,577
images/578.svg,578
images/579.svg,579
images/580.svg,580
images/581.svg,581
images/582.svg,582
images/583.svg,583
images/586.svg,586
images/.svg, 
images/589.svg,589
images/590.svg,590
images/592.svg,592
images/593.svg,593
images/60714.svg,60714
images/598.svg,598
images/599.svg,599
images/600.svg,600
images/601.svg,601
images/609.svg,609
